K,n,block_time,dense_time,max_residual
3,100,0.000535166,0.069399833,4.757470830855277e-15
3,250,0.0037760625,0.520888396,4.757470830855277e-15
3,500,0.013628667,2.6334669375,4.757470830855277e-15
3,750,0.027945584,8.18034475,6.7919980836374695e-15
3,1000,0.048092792,18.099382167,7.154696162511531e-15
3,1500,0.0998122085,52.885478541,7.154696162511531e-15
3,2000,0.179002333,118.9985905,8.201230092437405e-15
