K,n,block_time,dense_time,max_residual
3,100,0.000797025,0.0743093418,4.757470830855277e-15
3,250,0.025233424800000005,0.512101192,4.757470830855277e-15
3,500,0.022669283199999998,2.625967275,4.757470830855277e-15
3,750,0.0822519334,7.8895389416,6.7919980836374695e-15
3,1000,0.10385309140000001,17.837350017,7.154696162511531e-15
3,1500,0.16156060860000002,51.5043894082,7.154696162511531e-15
3,2000,0.3377142166,117.81789363339999,8.201230092437405e-15
