K,n,block_time,dense_time,max_residual
3,100,0.000667958,0.071912292,4.757470830855277e-15
3,250,0.003287417,0.510684166,4.757470830855277e-15
3,500,0.009922459,2.5887255415,4.757470830855277e-15
3,750,0.025057583,8.09479625,6.7919980836374695e-15
3,1000,0.049331417,18.008678375,7.154696162511531e-15
3,1500,0.095992041,52.393589,7.154696162511531e-15
3,2000,0.178187042,117.51618425,8.201230092437405e-15
