n,block_time,dense_time
100,0.000817125,0.076142542
250,0.052953833,0.536725334
500,0.016761042,2.741843792
750,0.098630542,8.183275209
1000,0.075849292,19.254278
1500,0.174102667,54.171838167
2000,0.302874125,122.399829792
